page,href,target_exists,status
index.html,pages/installation.html,yes,OK
index.html,pages/quickstart.html,yes,OK
index.html,pages/architecture.html,yes,OK
index.html,pages/commands.html,yes,OK
index.html,pages/configuration.html,yes,OK
index.html,pages/project_structure.html,yes,OK
index.html,pages/new_project.html,yes,OK
index.html,pages/takeover.html,yes,OK
index.html,pages/automation.html,yes,OK
index.html,pages/reproduction.html,yes,OK
index.html,pages/search_github.html,yes,OK
index.html,pages/performance.html,yes,OK
index.html,pages/backup_recovery.html,yes,OK
index.html,pages/testing_ci.html,yes,OK
index.html,pages/bug_repair.html,yes,OK
index.html,pages/security.html,yes,OK
index.html,pages/troubleshooting.html,yes,OK
index.html,pages/faq.html,yes,OK
index.html,pages/glossary.html,yes,OK
index.html,complete_manual.html,yes,OK
index.html,index.html,yes,OK
pages/installation.html,installation.html,yes,OK
pages/installation.html,quickstart.html,yes,OK
pages/installation.html,architecture.html,yes,OK
pages/installation.html,commands.html,yes,OK
pages/installation.html,configuration.html,yes,OK
pages/installation.html,project_structure.html,yes,OK
pages/installation.html,new_project.html,yes,OK
pages/installation.html,takeover.html,yes,OK
pages/installation.html,automation.html,yes,OK
pages/installation.html,reproduction.html,yes,OK
pages/installation.html,search_github.html,yes,OK
pages/installation.html,performance.html,yes,OK
pages/installation.html,backup_recovery.html,yes,OK
pages/installation.html,testing_ci.html,yes,OK
pages/installation.html,bug_repair.html,yes,OK
pages/installation.html,security.html,yes,OK
pages/installation.html,troubleshooting.html,yes,OK
pages/installation.html,faq.html,yes,OK
pages/installation.html,glossary.html,yes,OK
pages/installation.html,../index.html,yes,OK
pages/troubleshooting.html,#quick-diagnosis,yes,OK
pages/troubleshooting.html,#common-issues,yes,OK
pages/troubleshooting.html,#get-help,yes,OK
pages/glossary.html,#core-concepts,yes,OK
pages/glossary.html,#gates,yes,OK
pages/glossary.html,#modes,yes,OK
pages/glossary.html,#loops,yes,OK
pages/glossary.html,#components,yes,OK
pages/glossary.html,#status,yes,OK
pages/glossary.html,../index.html,yes,OK
